{
  "project_info": {
    "project_number": "500862708983",
    "firebase_url": "https://ecoleprojet-fc70e.firebaseio.com",
    "project_id": "ecoleprojet-fc70e",
    "storage_bucket": "ecoleprojet-fc70e.appspot.com"
  },
  "client": [
    {
      "client_info": {
        "mobilesdk_app_id": "1:500862708983:android:28612a3afd87604d11f7f2",
        "android_client_info": {
          "package_name": "com.example.ecoleproject"
        }
      },
      "oauth_client": [
        {
          "client_id": "500862708983-qaml25fbe66iajpojvf7vdft7aj3rmga.apps.googleusercontent.com",
          "client_type": 3
        }
      ],
      "api_key": [
        {
          "current_key": "AIzaSyDNI4tu95_XeRKwUwq0P09aJdP4HGDM26s"
        }
      ],
      "services": {
        "appinvite_service": {
          "other_platform_oauth_client": [
            {
              "client_id": "500862708983-qaml25fbe66iajpojvf7vdft7aj3rmga.apps.googleusercontent.com",
              "client_type": 3
            }
          ]
        }
      }
    }
  ],
  "configuration_version": "1"
}